Title,Ville,Location,Price,Chambre,Contact
La marsa cité riadh a louer,La Marsa,Tunis,800 TND,2 Chambres,22076922
Appartement S2 neuf à La Soukra,La Soukra,Ariana,1 400 TND,3 Chambres,29265265
Appartements Haut Standing à louer Ezzahra Kélibia,Hammam El Ghezaz,Nabeul,None,2 Chambres,55000004
A louer un Appartement S3 vide La Marsa,La Marsa,Tunis,2 000 TND,3 Chambres,56654000
A louer un Appartement S3 avec piscine à jardin de carthage,Le Kram,Tunis,3 000 TND,3 Chambres,29300980
S4 à louer aux Jardins de Carthage,Le Kram,Tunis,3 000 TND,4 Chambres,95750000
S1 à Louer aux jardins de carthage,Le Kram,Tunis,1 300 TND,None,95750000
Un Spacieux Appartement S3 à Louer à Ain Zaghouan Nord,La Marsa,Tunis,None,3 Chambres,29265265
S2 lumineux avec vue dégagée à louer aux Jardins de Carthage,Le Kram,Tunis,1 950 TND,2 Chambres,20265265
Appartement 5 pièces Ain Zaghouan,La Marsa,Tunis,1 200 TND,4 Chambres,98329930
S2 en location,La Marsa,Tunis,2 000 TND,None,27000704
Location appart neuf s3 jardin a mutuelleville,El Menzah,Tunis,3 000 TND,3 Chambres,24827526
S3 meublé à Marsa Plage,La Marsa,Tunis,4 500 TND,3 Chambres,26659732
À vendre appartement s3 a ennasr,Ariana Ville,Ariana,550 000 TND,3 Chambres,58218146
"A louer S3, les jardins de Carthage",Le Kram,Tunis,2 500 TND,3 Chambres,56303003
LUXE Appartement MENZAH 9 C,El Menzah,Tunis,2 300 TND,2 Chambres,29633117
A louer appartement s3 à kantaoui,Hammam Sousse,Sousse,3 500 TND,3 Chambres,25255025
A louer appartement à kantaoui,Hammam Sousse,Sousse,1 200 TND,None,25255025
S3 en location,El Menzah,Tunis,1 100 TND,None,29399631
Appartement S2 à La Soukra,La Soukra,Ariana,1 300 TND,2 Chambres,25555067
A louer appartement S0 meublé à la Marsa,La Marsa,Tunis,1 300 TND,None,29276446
S1 meublé aux Jardins De Carthage MAL2859,Le Kram,Tunis,1 650 TND,None,50542301
S3 à Ain Zaghouan Nord ZAL1810,La Marsa,Tunis,2 500 TND,3 Chambres,50542301
Appartement S3 Vide Aux Jardins de Carthage,Le Kram,Tunis,1 700 TND,3 Chambres,51498498
S3 da haut standing à Gammarth,La Marsa,Tunis,2 000 TND,3 Chambres,51498498
S3 neuf aux Jardins De Carthage,Le Kram,Tunis,2 200 TND,3 Chambres,51498498
